url,verdict,claim_text
https://www.factcrescendo.com/the-aerial-footage-of-the-burning-maersk-ship-is-old-and-not-related-to-israel/amp/,MISSING CONTEXT,"यमनी हौथिस ने कंटेनर जहाज मेर्स्क जिब्राल्टर पर हमला किया, जो कथित तौर पर इज़राइल के रास्ते में था।"
https://www.factcrescendo.com/video-of-mohan-yadav-scolding-corrupt-employees-is-old/,MISSING CONTEXT,मध्य प्रदेश के नए मुख्य मंत्री भ्रष्टाचार विरोधी।
https://www.factcrescendo.com/kashmiri-dry-fruit-vendor-harassment-video-in-lucknow-shared-with-misleading-claim/,MISLEADING,लखनऊ नगर पालिका टीम द्वारा गरीब कश्मीरी ड्राई फ्रूट विक्रेताओं को परेशान किया गया। वे इन गरीब लोगों को क्यों निशाना बना रहे हैं
https://www.factcrescendo.com/three-year-old-video-goes-viral-claiming-it-to-be-about-the-current-israeli-palestinian-war/,MISLEADING,इजराइल ने इस युवा फिलिस्तीनी व्यक्ति को मार डाला और फिर दक्षिण गाजा में उसके शरीर में बुलडोजर के दांत घुसा दिए
https://www.factcrescendo.com/old-news-about-20-mlas-leaving-bjp-viral-as-recent/amp/,MISSING CONTEXT,BJP से इस्तेफ देने वाले विधायक
https://www.factcrescendo.com/video-of-israeli-soldiers-destroying-palestinian-road-in-2021/,MISLEADING,इज़राइल फ़िलिस्तीनी सड़कों को नष्ट कर रहा है ताकि इसे उसके लोगों के लिए रहने लायक न छोड़ा जाए।  
https://www.factcrescendo.com/old-video-of-baba-balaknath-threatening-police-viral-as-recent/amp/,MISSING CONTEXT,चुनाव में जीतने के बाद बाबा बालकनाथ ने पुलिस को धमाना शुरू कर दिया है। 
https://www.factcrescendo.com/rahul-gandhi-money-from-hand-pump-statement-shared-without-context/amp/,MISSING CONTEXT,"आलू से सोना- के बाद पेश है….पंप से पैसा, अब तो पंप से पैसा निकलने लगा है- राहुल गाँधी।"
https://www.factcrescendo.com/old-video-of-shivraj-singh-chauhan-meeting-dhirendra-shastri-viral-on-the-internet/amp/,MISSING CONTEXT,मध्य प्रदेश में भाजपा की जीत के बाद शिवराज सिंह चौहान बागेश्वर धाम धीरेंद्र शास्त्री से मिलने गये थे। 
https://www.factcrescendo.com/this-video-of-religious-clash-is-from-maharashtra-not-from-congress-ruled-state-karnataka/amp/,MISLEADING,कर्नाटक में स्लिम लोग एक मंदिर के सामने इकट्ठा होने के लिए हिंदुओं को अपना प्राकृतिक उपचार दे रहे हैं। 
https://www.factcrescendo.com/did-the-police-forcibly-hand-over-the-pistol-to-the-biker-to-implicate-him-in-a-false-case/amp/,MISLEADING,कानपुर के टाटमील चौराहा पर पुलिस एक बाइक सवार युवक को झूठे मामले में फंसाने के लिए उसे जबरन कारतूस के साथ पिस्तौल थमा रही है।
https://www.factcrescendo.com/the-man-caught-in-an-objectionable-position-in-a-hotel-with-his-girlfriend-is-not-a-bjp-mla/amp/,MISLEADING,"बीजेपी विधायक है जिसका नाम महेंद्र है , और उसे होटल में उसकी बीवी ने हर्षिता गुप्ता नाम की एक मॉडल के साथ आपत्तिजनक स्थिति में पकड़ा।"
https://www.factcrescendo.com/old-video-of-kamal-nath-cutting-temple-shaped-cake-viral-as-recent/,MISSING CONTEXT,कमलनाथ ने काटा हनुमान जी व मंदिर आकृति वाला केक अगर मुख्यमंत्री बन गया तो हिन्दुओं को काटेगा।“
https://www.factcrescendo.com/alse-news-about-vasundhara-raje-not-holding-poster-in-bjp-sankalp-patra-release/amp/,MISSING CONTEXT,वसुंधरा राजे के हाथ से पोस्टर लिया गया इसलिये उन्होंने गुस्से में आकर दूसरा पोस्टर नहीं पकड़ा। 
https://www.factcrescendo.com/claim-of-swing-breaking-in-barabankis-deva-mela-many-people-injured-misleading/,MISLEADING,"बाराबंकी देवा मेला में झूला टूटने से हुआ हादसा। हादसे में कई लोग घायल, अस्पताल में कराया गया भर्ती"
https://www.factcrescendo.com/did-bjp-candidate-kirori-lal-meena-call-his-own-party-hungry-wolves/,MISLEADING,किरोडी बाबा ने भाजपा के नेताओं को बताया भूखा भेडिया और भ्रष्टाचारी।
https://www.factcrescendo.com/clipped-video-claiming-rahul-gandhi-is-saying-cm-bhupesh-baghel-is-working-for-adani-viral/amp/,MISSING CONTEXT,राहुल गांधी ऐसा कह रहे है कि छत्तीसगढ़ के मुख्यमंत्री भूपेश बघेल अडानी के लिये काम करते है
https://www.factcrescendo.com/old-video-of-police-teaching-lesson-to-boys-playing-loud-pungi-in-mp-falsely-shared/amp/,MISLEADING,लखनऊ में दशहरे के मेले में भोंपू बजाकर मस्ती कर रहे है युवकों को पुलिस सबक सिखाया।
https://www.factcrescendo.com/old-video-of-burning-of-church-in-france-shared-as-hamas-supporter-burning-church/,MISSING CONTEXT,“पेरिस में सेंट–गेब्रियल चर्च में आज रात हमास समर्थक आतंकवादियों द्वारा आग लग गई। यह फ्रांस में हर साल हमास द्वारा जलाए जाने वाले सैकड़ों चर्चों में से एक है
https://www.factcrescendo.com/is-a-muslim-man-posing-as-a-saint-in-haridwar-cursing-hindus-no-this-person-is-a-hindu/amp/,MISSING CONTEXT,हरिद्वार में ऐसा कोई हिंदू नहीं है जो मुस्लिमों से मुकाबला कर सके
https://www.factcrescendo.com/digitally-edited-video-showing-pm-modi-saying-people-vote-for-congress-for-doing-good-for-their-family-viral-2/,MISSING CONTEXT,प्रधानमंत्री मोदी कांग्रेस के लिये वोट मांग रहे है।
https://www.factcrescendo.com/video-of-children-trapped-in-syrian-building-goes-viral-in-2019-linking-it-to-israel-hamas-dispute/,MISSING CONTEXT, कहाँ है दुनिया के वो हुक्मरान जो इंसाफ़ की बड़ी बड़ी बातें करते हैं लेकिन जब ज़ुल्म होता है किसी मज़लूम पर तो चुप रहते है । अल्लाह फ़िलिस्तीन की गैब से मदद फ़रमा।
https://www.factcrescendo.com/scripted-video-showing-a-man-assaulting-a-woman-in-the-name-of-medical-treatment-viral/amp/,MISSING CONTEXT,धर्म के ठेकेदारों इस तरह की घटनाओं को क्यूं नहीं रोकते हैं साले धर्म के नाम पर महिलाओं का रेप करते हैं
https://www.factcrescendo.com/clipped-video-of-amit-shah-saying-that-degrees-of-pm-modi-are-fake-viral/amp/,MISSING CONTEXT,मोदी जी की डिग्रियाँ फर्ज़ी है। अमित शाह ने कबूला सच
https://www.factcrescendo.com/old-video-of-lebanese-protesters-shared-as-israel-and-palestine-war/,MISLEADING,इज़राइल #लेबनान सीमा अब आतंकी और उनके समर्थक बाड़ फांदकर इजरायली क्षेत्र में घुसने की कोशिश कर रहे हैं।
https://www.factcrescendo.com/old-video-of-israel-airstrike-goes-viral-as-recent-ongoing-conflict/amp/,MISSING CONTEXT,"हमास आतंकी हमले के बाद,इजराइल का रौद्र रूप,इज़राइल ने ऑपरेशन आयरन स्वोर्ड्स शुरू किया इज़राइल ने तीसरे गाजा टॉवर को नष्ट कर दिया, फिलिस्तीनी आतंकवादियों को नष्ट कर रहा है गाजा हमास,इंडिया स्टैंड्स विथ इजराइल"
https://www.factcrescendo.com/scripted-video-of-a-guard-being-dragged-by-car-driver-for-removing-the-key-viral/amp/,MISSING CONTEXT,"कार की चाबी निकालना भारी पड़ा एक सिविक वॉलिंटियर को। इंटरनेट की दुनिया में वायरल हो रही ये विडियो। अंत तक देखें, क्या हुआ, और ड्राइवर ने क्या सजा दिया"
https://www.factcrescendo.com/was-the-pakistani-cricket-team-welcomed-at-hyderabad-airport-with-slogans-of-pakistan-murdabad/,MISLEADING,अब तो जम्मू कश्मीर में भी मोदी मोदी गाने पर काश्मीरी झूम रहें हैं। ऐसे ही नहीं विकास बोलता है भाई kashmir Muslim.
https://www.factcrescendo.com/did-the-muslim-girl-go-against-her-father-and-marry-a-hindu-boy-in-the-police-station-video-viral-with-false-communal-claim/amp/,MISLEADING,एक मुस्लिम लड़की ने अपने पिता की इच्छा के विरुद्ध हिंदू लड़के से शादी कर ली। जो भगवा लव ट्रैप की शिकार हुई है।
https://www.factcrescendo.com/distressed-due-to-recession-diamond-traders-claimed-to-throw-diamonds-on-the-road-fake-diamonds-were-lying-on-the-road/,MISLEADING,"हीरा बाजार में भारी मंदी के कारण परेशान हीरा व्यापारियों ने हीरे सड़क पर फेंक दिए, जिन्हें गुजरात के सूरत शहर में लोग सड़क पर इकट्ठा कर रहे थे। "
https://www.factcrescendo.com/the-claim-of-demolishing-the-temple-is-wrong-this-case-of-dragging-the-idol-is-a-part-of-a-tradition/,MISLEADING,डियो राजस्थान की बताई जा रही है जहां भैरों बाबा के मंदिर को तोड़कर मूर्ति को ट्रैक्टर से घसीटते हुए ले जाया जा रहा है…
https://www.factcrescendo.com/there-is-no-communal-angle-in-the-case-of-a-person-urinating-on-a-young-man-in-agra/,MISLEADING,मध्य प्रदेश में एक मुस्लिम युवक के साथ अपमानजनक हरकत करने के हालिया मामले के बाद अब उत्तर प्रदेश के आगरा में भी ऐसी ही घटना घटी है।
https://www.factcrescendo.com/this-video-of-snatching-a-phone-from-a-moving-train-has-been-digitally-edited/amp/,MISLEADING,एक चोर ने चलती ट्रेन से फोन छीन लिया
https://www.factcrescendo.com/video-of-a-man-named-giriraj-baghel-pehalwan-said-to-be-as-bhupesh-baghels-son/,MISSING CONTEXT,बघेल जी का छोरा है
https://www.factcrescendo.com/fake-video-of-olympian-wrestler-anshu-malik-goes-viral/amp/,MISLEADING,21 साल की उम्र में ओलंपियन बनने का गौरव हासिल करने वाले भारतीय पहलवान अंशू मलिक का एक अश्लील वीडियो सोशल मीडिया पर तेजी से वायरल किया जा रहा है
https://www.factcrescendo.com/the-claim-of-muslims-entering-america-in-large-numbers-in-the-viral-video-is-misleading/,MISLEADING,डेरियन गैप को पार करते हुए मुस्लिम शरणार्थी आक्रमणकारियों का एक काफिला अमेरिका की ओर जा रहा है।  
https://www.factcrescendo.com/the-video-of-puri-rath-yatra-recently-went-viral-as-chhatra-adhikar-yuva-hunkar-maharally-held-in-rajasthan/amp/,MISLEADING,छात्र अधिकार युवा हुंकार रैली जयपुर
https://www.factcrescendo.com/this-viral-video-of-welcoming-us-president-joe-biden-is-edited/,MISLEADING,बाइडेन का स्वागत बॉलीवुड गीत के साथ
https://www.factcrescendo.com/video-of-son-and-daughter-in-law-taking-their-elderly-mother-to-old-age-home-is-scripted/,MISLEADING,माँ……बहु : इन्होंने अपनी लाइफ जी ली अब हमको अपनी लाइफ जीनी है ।सास : हमको अपने घर रहना है हमे जबरदस्ती आश्रम भेज रहे हैं 
https://www.factcrescendo.com/video-of-domestic-violence-in-a-family-in-pakistan-goes-viral-with-false-claim/amp/,MISLEADING,"एक पाकिस्तानी पिता अपनी ही बेटी के साथ बलात्कार करने की कोशिश करता है, जब लड़की उसे बचाने के लिए अपनी माँ के पास भागती है, तो उसका जिहादी पिता बेटी और उसकी माँ को मारने के लिए AK47 निकाल लेता है।"
https://www.factcrescendo.com/old-video-of-pm-modis-rally-where-he-is-raising-vote-for-india-slogan-viral-on-the-internet-2/amp/,MISSING CONTEXT,वोट फॉर इंडिया मोदी जी ने कहा है।
https://www.factcrescendo.com/has-muslim-country-saudi-arabia-got-a-gold-statue-of-pm-modi-made-and-installed/amp/,MISLEADING,लोगो की मोम से मुर्तिया बनती है लेकिन सउदी अरब मुस्लिम देश में मोदी की सोने की मूर्ति बनाकर लगवा दी। और यहां के देशद्रोही लोगों को मिर्ची लग रही है
https://www.factcrescendo.com/there-was-no-painting-of-mahabharata-on-the-wall-in-the-meeting-of-pm-modi-and-biden/amp/,MISLEADING,पीएम मोदी और बाइडेन की बैठक के दौरान दीवार पर महाभारत की पेंटिंग वाली तस्वीर
https://www.factcrescendo.com/old-video-of-pm-modis-rally-where-he-is-raising-vote-for-india-slogan-viral-on-the-internet/,MISSING CONTEXT,वोट फॉर इंडिया मोदी जी ने कहा है
https://www.factcrescendo.com/old-video-of-shoe-hurled-on-shivraj-singh-chauhan-shared-as-recent/amp/,MISSING CONTEXT,सीएम शिवराज सिंह चौहान जी पर जूते फेकना आम जनता में सरकार के प्रति गहरी नाराजगी बता रहा है। यह स्पष्ट है कि जुमलों की राजनीति का अब अंत निकट है
https://www.factcrescendo.com/video-showing-injected-vegetables-is-scripted/amp/,MISSING CONTEXT, ये वीडियो एक असली घटना का है जहाँ किसानों की तरफ से इंजेक्शन डालकर सब्जियों को उगाने की कोशिश की जा रही है।
https://www.factcrescendo.com/clipped-video-of-amit-shah-saying-manipur-issue-is-not-important-winning-election-is-viral/amp/,MISSING CONTEXT,"हमें मणिपुर की चिंता नहीं है, हमें चुनाव की चिंता है। हमें डेमोक्रेसी की चिंता नहीं है, हमें चुनाव की चिंता है। हमारी पार्टी के कोई सिद्धांत नहीं है। केवल और केवल चुनाव जीतने के लिये राजनीति में है"
https://www.factcrescendo.com/this-picture-of-the-crowd-watching-babar-azam-live-at-lal-chowk-is-edited-elsewhere-the-crowd-is-watching-live-streaming-of-chandrayaan-3-2/,MISLEADING,कश्मीर के लाल चौक में बड़ी स्क्रीन पर पाकिस्तान क्रिकेटर बाबर आजम को देखने के लिए जनता इकट्ठा हुई है।
https://www.factcrescendo.com/clipped-video-of-amit-shah-talking-about-rafale-scam-viral-with-a-false-claim/,MISSING CONTEXT,"राफेल घोटाला” हुआ – गृहमंत्री अमित शाह ने कहा। सत्य तो सत्य होता है, सरस्वती मां ने खुद कुबूल करा दिया!"
https://www.factcrescendo.com/the-wheel-marks-of-the-rover-shown-in-the-viral-post-are-not-original/amp/,MISSING CONTEXT,चंद्रयान-3 मिशन के दौरान रोवर के टायरों ने चंद्रमा की सतह पर भारत के राष्ट्रीय चिन्ह अशोक स्‍तंभ के निशान छोड़े हैं जो चंद्रमा की सतह पर स्थायी रूप से अंकित हो गई है
https://www.factcrescendo.com/scripted-video-showing-a-mobile-repair-shop-boy-hacking-girls-mobile-viral/amp/,MISSING CONTEXT,मोबाइल ठीक करने वाले की करतूत देखो। अपने सारे जान पहचान वाले ग्रुप में भेजो अपने परिवार के बच्चों को भी भेजो और बिल्कुल जान पहचान वाले की दुकान से फोन ठीक करवाओ
https://www.factcrescendo.com/video-showing-a-man-with-his-daughter-on-his-shoulder-shot-viral-with-a-communal-claim/,MISSING CONTEXT,जिहादी तारिक अली को उस फूल सी छोटी बच्ची का भी तरस नहीं आया। कंधे पर अपनी बेटी को ले जाते वक़्त उसके पापा की तारिक ने सर में गोली मारकर हत्या कर दी। घटना: उत्तर प्रदेश के शाहजहाँपुर की है
https://www.factcrescendo.com/scripted-video-showing-a-muslim-girl-sleeping-in-dirty-water-for-being-pregnant/amp/,MISSING CONTEXT, एक मुस्लिम महिला को एक पीर बाबा के कहने पर उसकी सास और पति ने गंदे पानी में लेटाया ताकि उसे बच्चा हो सके।
https://www.factcrescendo.com/video-showing-a-man-climbing-on-gyanvapi-mosque-viral-with-a-false-claim/,MISSING CONTEXT,अदालत के आदेश पर ज्ञानवापी का सर्वेक्षण चल रहा है। इस बीच ज्ञानवापी के गुंबद पर चढ़ता दिखा मुस्लिम शख्‍स
https://www.factcrescendo.com/clipped-video-claiming-salumbar-district-inaugurated-by-reciting-quran-viral-on-the-internet/,MISSING CONTEXT,अशोक गहलोत और उनकी सरकार पर तंज कसा जा रहा है कि मुस्लिम धर्म प्रार्थना कर उनके राज्य में एक जिले का उद्घाटन किया गया है।
https://www.factcrescendo.com/fake-tweet-attributed-to-kareena-kapoor-about-thrashing-people-spreading-hatred/amp/,MISSING CONTEXT,"मिट्टी नहीं, मिट्टी का ढेला हाथ में उठाना है।"
https://www.factcrescendo.com/video-showing-police-brutally-thrashing-a-criminal-is-scripted/amp/,MISSING CONTEXT,इन वाहशी पुलिस वालों पर सख्त कार्रवाई होनी चाहिए सरकार ने इतनी नफ़रत भर दी है कि लोग हैवानियत पर उतर आए हैं। मोदीसरकार की पुलिस है ये।
https://www.factcrescendo.com/president-draupadi-murmu-has-not-given-any-reply-in-the-case-of-seema-haiders-petition-a-video-viral-with-misleading-claims/,MISLEADING,राष्ट्रपति मुर्मू ने सीमा की याचिका का 48 घंटों के भीतर ही बेहद तगड़ा जवाब दिया है।
https://www.factcrescendo.com/images-from-2012-nirbhaya-protests-passed-off-as-manipur-violence/amp/,MISLEADING,णिपुर में कुकी महिलाओं के साथ क्रूर बलात्कार के विरोध में सैकड़ों भारतीय सड़कों पर उतर आए और सरकार से कार्रवाई की मांग की
https://www.factcrescendo.com/terrorist-attack-on-bastille-day-celebration-7-years-ago-linked-to-the-recent-riots-in-france/amp/,MISSING CONTEXT,यह वीडियो हाल ही में फ्रांस में हुये दंगों का है। 
https://www.factcrescendo.com/this-sadhu-trapped-in-sex-scandal-is-not-from-india-but-from-srilanka/amp/,MISLEADING,"हिन्दुत्व को मजबूत करता वाले कट्टर सनातनी बाबा, आसाराम  रामरहीम के बाद एक और बाबा मेंदान में , जुग जुग जियो बाबा"
https://www.factcrescendo.com/the-incident-of-molestation-of-a-woman-in-2021-bihar-is-being-shared-as-recent/amp/,MISLEADING,मणिपुर में महिलाओं के साथ हुए दुर्व्यवहार के बाद अब बिहार में भी महिलाओं के साथ इस तरह का बरताव शुरु हो गया है। 
https://www.factcrescendo.com/video-of-massive-landslides-passed-off-as-recent-in-himachal-pradesh/amp/,MISSING CONTEXT,वायरल यह वीडियो हिमाचल प्रदेश में हुई हाल की घटना से सम्बंधित है। 
https://www.factcrescendo.com/clipped-video-of-delhi-power-minister-announcing-that-there-will-be-no-free-electricity-in-delhi/amp/,MISSING CONTEXT,"लो भाई उतर गया बुखार, दिल्ली में मुफ्त बिजली बंद"
https://www.factcrescendo.com/scripted-video-showing-a-man-caught-while-smuggling-tomatoes-viral-on-the-internet/,MISSING CONTEXT,"टूटे पैर मे छिपाकर ले जा रहा था, दुनिया का सबसे मंहगा माल  – जो गरीब नहीं खरीद सकता।” "
https://www.factcrescendo.com/clipped-video-of-jp-nadda-saying-sanp-and-bicchu-to-pm-modi-viral-with-a-false-claim/amp/,MISSING CONTEXT,"अरे सुना क्या, जे.पी.नड्डा जी ने क्या वाकई में ऐसा कहा? ‘मोदी तुम नीच हो,मोदी तुम सांप हो, मोदी तुम बिच्छू हो, मोदी तुम अनपढ़ हो, मोदी तुम चाय वाला हो"
https://www.factcrescendo.com/old-video-of-nitish-kumar-appealing-people-to-vote-for-pm-modi-viral-as-recent/amp/,MISSING CONTEXT,कानपुर में बीजेपी समर्थकों द्वारा पुलिसकर्मी की पिटाई की गयी। 
https://www.factcrescendo.com/this-viral-video-of-policeman-being-thrashed-is-not-from-kanpu/amp/,MISLEADING,कानपुर में बीजेपी समर्थकों द्वारा पुलिसकर्मी की पिटाई की गयी। 
https://www.factcrescendo.com/video-of-a-bus-driver-reciting-namaz-while-passengers-waiting-out-passed-off-with-a-communal-claim/amp/,MISSING CONTEXT,भारत में एक मुस्लिम बस ड्राइवर बस में नमाज़ पढ़ रहा है और सारे यात्री धूप में उसका इंतज़ार कर रहे है। बस के दरवाज़े बंद है और उसके नमाज़ पढ़ने के बाद वे दरवाज़े खुलेंगे। 
https://www.factcrescendo.com/the-first-session-was-not-held-in-the-newly-constructed-parliament-house-the-viral-video-is-of-the-inauguration-of-the-parliament-house/,MISLEADING,यह वीडियो  नए संसद में आयोजित पहले  सत्र का है। और उसमें  सभी दलों के नेता मौजूद हैं। वहीं वीडियो में  प्रधानमंत्री नरेंद्र मोदी को भारतीय जनता पार्टी समेत अन्य दलों के सासंदों को अभिवादन करते हुए देखा जा सकता है।
https://www.factcrescendo.com/clipped-video-of-collector-office-inauguration-in-telangana-viral-with-communal-angle/,MISSING CONTEXT,तेलंगाना में कलेक्टर के दफ्तर का उद्घाटन कुरान पढ़कर किया जा रहा है
https://www.factcrescendo.com/false-news-about-people-disrespecting-national-anthem-viral-with-a-false-claim/,MISLEADING,यह सब कुछ राहुल गांधी सानिध्य में राष्ट्रगान का अपमान हो रहा है और कुल लोग राहुल गांधी में भावी प्रधानमंत्री नज़र आ रहे हैं।
https://www.factcrescendo.com/old-video-of-mukhtar-abbas-naqvi-talking-about-passenger-safety-in-railways-viral-as-recent/,MISSING CONTEXT,भाजपा नेता मुख्तार अब्बास नकवी अपनी ही सरकार से रेल यात्रियों की सुरक्षा के बारे में सवाल उठा रहे है।
https://www.factcrescendo.com/clipped-video-of-draupadi-murmu-linked-to-woman-wrestlers-protest/amp/,MISSING CONTEXT,द्रौपदी मुर्मू विरोध प्रदर्शन कर रही महिला पहलवानों को न्याय देने की बात कर रही है।
https://www.factcrescendo.com/old-video-of-d-k-shivkumar-tearing-textbook-viral-as-recent/,MISSING CONTEXT,कर्नाटक में पिछली भाजपा सरकार द्वारा स्कूल पाठ्यक्रम में वीर सावरकर के बारे में छपवाई किताब को डी.के शिवकुमार ने फाड़ दिया।
https://www.factcrescendo.com/video-showing-amul-lassi-packets-with-fungus-in-it-viral-with-a-misleading-claim/,MISLEADING,"अमूल की लस्सी के पांच पैकेट खरीदें और उसमें जो लस्सी थी, उसमें फफूंद आयी हुई है। "
https://www.factcrescendo.com/scripted-video-showing-a-hindu-man-marrying-his-own-sister-viral-on-the-internet/,MISSING CONTEXT,BhagwaLoveTrap अपनी ही बहन को बुर्का पहनाकर ये भगवाधारी भगवा लव ट्रेप को प्रमोट कर रहा है साथ ही अश्लील बाते कर रहा है और लव ट्रेप के तहत मिलने राशि की डिमांड लड़की से करवा रहा है।“ 
https://www.factcrescendo.com/siddaramaiahs-old-dance-video-viral-as-victory-dance-in-karnataka/amp/,MISSING CONTEXT,कर्नाटक चुनाव जितने के बाद कांग्रेस नेता सिद्धारमैया डांस कर रहे है
https://www.factcrescendo.com/did-congress-leader-digvijaya-singh-say-that-there-is-nothing-wrong-in-eating-beef/amp/,MISSING CONTEXT,"दिग्विजय सिंह कह रहे हैं कि बीफ खाने में कोई बुराई नहीं है। उन्होंने यह भी कहा कि गायें अपने मल में रहती हैं, इसलिए उन्हें माता नहीं कहा जा सकता।"
https://www.factcrescendo.com/video-of-a-muslim-man-talking-against-hindus-is-from-bangladesh/amp/,MISSING CONTEXT,यह भारत का वीडियो है। भारत में रहते हुये यह मुस्लिम शख्स हिंदुओं को इस तरह धमका रहे हैं।
https://www.factcrescendo.com/old-video-of-sidhu-moosewalas-last-ardaas-linked-to-recent-protests-at-jantar-mantar/amp/,MISSING CONTEXT,फर्ज़ी लोग किसान बनकर दिल्ली के जंतर मंतर में पहलवानों के समर्थन में जा रहे है। 
https://www.factcrescendo.com/clipped-video-shared-as-pm-modi-admitting-that-bjp-means-more-riots-and-violence/,MISSING CONTEXT,प्रधानमंत्री मोदी अपने ही पार्टी के बारें सच्चाई बताते हुए कह रहे है कि भाजपा का मतलब राज्य में दंगाई और गुंडई फैलाया है।
https://www.factcrescendo.com/video-from-2019-it-seizing-money-from-tyre-in-shivmogga-viral-as-karnataka-election/,MISLEADING,ये वीडियो कर्नाटक चुनाव के प्रचार के समय का है जहाँ टायर से नकदी बरबाद किये गये है
https://www.factcrescendo.com/video-shows-free-liquor-and-chicken-distributed-for-karnataka-elections/,MISSING CONTEXT,"कर्नाटक इलेक्शन कैम्पेन ,मेरा देश वैसा का वैसा ही है ,आज भी कोई बदलाव नही ,पहले भी 500 रुपये में वोट बिकतें थे आज भी यही हालत है"
https://www.factcrescendo.com/pm-is-not-talking-about-removing-evm-voting-system-in-this-video/,MISSING CONTEXT,वीडियो में प्रधानमंत्री नरेंद्र मोदी ईवीएम हटाने की बात कर रहे है। 
https://www.factcrescendo.com/old-videos-of-amit-shah-correcting-the-translator-linked-to-upcoming-karnataka-elections/,MISSING CONTEXT,हाल ही में होने वाले चुनाव प्रचार के दौरान अमित शाह उनके अनुवादकों पर गलत अनुवाद करने के लिये नाराज़ हो रहे है।
https://www.factcrescendo.com/clipped-video-of-amit-shah-calling-bjps-gov-the-most-corrupt-gov/amp/,MISSING CONTEXT,अमित शाह ने कर्नाटक की भाजपा सरकार को भ्रष्ट सरकार करार दिया था।
https://www.factcrescendo.com/clipped-video-showing-manmohan-singh-asked-to-vacate-sonia-gandhis-chair/amp/,MISSING CONTEXT,सोनिया गांधी प्रधानमंत्री की कोई इज्जत नहीं करती थी। तत्कालीन प्रधानमंत्री मनमोहन सिंह को कुर्सी से हटा दिया गया ताकि उसपर सोनिया गांधी बैठ सके।
https://www.factcrescendo.com/clipped-old-video-of-pm-modi-viral-with-a-false-claim/,MISSING CONTEXT,"प्रधानमंत्री मोदी ने कृषी कानूनों, अग्निवीर योजना और नोटबंदी के दस्तावेज़ो को बिना पढ़े ही साइन कर दिया। सोशल मीडिया पर यूज़र्स उनपर तंज कस रहे है।"
https://www.factcrescendo.com/the-woman-seen-with-the-jai-bhim-scarf-and-bhimrao-ramji-ambedkars-picture-is-not-a-collector-but-an-influencer-and-youtuber/amp/,MISLEADING, भीमराव अंबेडकर की वजह से आज यह दलित महिला कलेक्टर है
https://www.factcrescendo.com/the-viral-video-of-the-opinion-poll-of-abp-news-going-viral-regarding-the-rajasthan-assembly-elections-is-old/,MISLEADING, एबीपी न्यूज के इस ओपिनियन पोल के मुताबिक आगामी राजस्थान विधानसभा चुनाव में अशोक गहलोत लोगों की पहली पसंद हैं।
https://www.factcrescendo.com/the-video-of-2019-is-being-falsely-linked-to-the-upcoming-lok-sabha-elections/,MISLEADING,आगामी लोकसभा चुनाव में मोदी की जीत के लिए मुंबई की लोकल ट्रेन में लोग अपील कर रहे हैं।
https://www.factcrescendo.com/are-pakistanis-now-in-fear-after-atiq-ahmeds-murder-no-the-video-is-old/,MISLEADING,"पाकिस्तान मीडिया में सीएम योगी का डर! अतीक अहमद, असद अहमद एनकाउंटर ।"
https://www.factcrescendo.com/this-video-of-police-arresting-girls-drinking-alcohol-mixed-with-a-cold-drink-is-scripted/amp/,MISLEADING,कोल्डड्रिंक में शराब मिलाकर पी रहीं पापा की परियां जब पुलिस ने पकड़ा तो देखिए..
https://www.factcrescendo.com/pm-modis-claim-of-taking-any-major-step-soon-is-misleading/amp/,MISLEADING, पीएम मोदी जल्द ही कोई बड़ा कदम उठा सकते हैं। जिसके लिए उन्होंने सबको सतर्क किया है।
https://www.factcrescendo.com/pm-modi-is-not-speaking-about-bjp-agenda/amp/,MISSING CONTEXT,"पीएम मोदी कहते है कि “गरीब को सिर्फ सपने दिखाओ, झूठ  बोलो, उसे आपस में लड़ाओ और राज करो।”              "
https://www.factcrescendo.com/ashok-gehlot-is-not-supporting-amritpal-singh-or-the-khalistan-movement/,MISSING CONTEXT, अशोक गहलोत ने अलगाववादी खालिस्तान आंदोलन की मांग करनेवाले वारिस पंजाब दे प्रमुख अमृतपाल सिंह का समर्थन करते हुए अपने विचार व्यक्त किए।
https://www.factcrescendo.com/this-video-of-tejashwi-yadav-has-nothing-to-do-with-the-arrest-of-manish-kashyap-or-the-bihar-bandh/,MISSING CONTEXT,मनीष कश्यप के समर्थन में बिहार बंद डर gye तेजस्वी यादव सदन में कहा नहीं बनना है मुख्यमंत्री । 
https://www.factcrescendo.com/the-news-of-virat-kohli-visiting-bageshwar-dham-with-his-mother-is-false/,MISSING CONTEXT,जब विराट कोहली और उनकी मां पहुंची बागेश्वर धाम सरकार के दरबार में 
https://www.factcrescendo.com/2019-video-of-barmer-viral-with-misleading-claim/amp/,MISSING CONTEXT,हाल में राजस्थान के बाड़मेर के सेड़वा गांव में मौलाना ने सभी मुसलमानों के लिए फतवा जारी किया है।
https://www.factcrescendo.com/did-virat-kohli-and-anushka-sharma-reach-for-the-visit-of-bageshwar-dham/,MISLEADING,विराट कोहली और अनुष्का शर्मा बागेश्वर धाम पहुंचे हैं।
https://www.factcrescendo.com/image-from-2020-shared-as-cheetah-helicopter-crash-in-arunachal-pradesh/,MISSING CONTEXT,"दुख:द समाचार, अरुणाचल प्रदेश के दिरांग में आर्मी हेलिकॉप्टर “चीता” के क्रैश होने की खबर"
https://www.factcrescendo.com/this-video-of-a-woman-insisting-on-sitting-on-the-bus-drivers-seat-is-scripted/,MISLEADING,बस ड्राइवर की सीट पर बैठने की ज़िद कर रही महिला
https://www.factcrescendo.com/pm-modi-did-not-say-that-he-is-uneducated-2/amp/,MISSING CONTEXT, प्रधानमंत्री मोदी ने खुद कहा की वे पढ़े लिखे नहीं है। 
https://www.factcrescendo.com/is-indias-first-cable-car-built-in-bengaluru/amp/,MISLEADING,कर्नाटक सरकार ने नागरिकों की ट्रैफिक जाम की समस्या को दूर करने के लिए यह कदम उठाया है।
https://www.factcrescendo.com/case-of-murder-of-a-youth-in-telangana-due-to-love-affair-viral-with-fake-communal-claim/amp/,MISLEADING,"तेलांगना के हरीश नाम के युवक को मुस्लिम युवती से शादी करना पड़ा भारी, लड़की के परिवारवालों ने चाकू घोंप-घोंप कर की हरीश की हत्या"
https://www.factcrescendo.com/this-video-of-barat-being-taken-out-on-bulldozer-is-from-gujarat-and-not-from-up/,MISLEADING,यूपी में विवाह में अब बारात भी बुलडोजर पर निकलने लगी है।
https://www.factcrescendo.com/clipped-video-of-uddhav-thackeray-viral-with-false-claim/amp/,MISSING CONTEXT,उद्धव ठाकरे औरंगजेब को अपना भाई बताते हुए नजर आ रहे हैं । साथ ही वो कह रहे हैं कि औरंगज़ेब ने देश के लिए अपनी जान दी है। 
https://www.factcrescendo.com/sadhgurus-photo-with-daughter-viral-with-the-misleading-claim/amp/,MISLEADING,अत्यंत संस्कारी बाबा जी
https://www.factcrescendo.com/did-the-bjp-spokesperson-gaurav-bhatia-say-that-narendra-modi-becoming-the-prime-minister-is-an-insult-to-democracy/amp/,MISLEADING,बीजेपी के प्रवक्ता गौरव भाटिया ने एक टीवी डिबेट के दौरान यह कहा की नरेंद्र मोदी का प्रधानमंत्री बनना ‘लोकतंत्र का अपमान’ है
https://www.factcrescendo.com/false-news-about-lockdown-in-rajasthan-till-march-31st-viral-on-the-internet/,MISSING CONTEXT,राजस्थान  सरकार की तरफ से लॉकडाउन की कोई घोषणा की गयी है 
https://www.factcrescendo.com/clipped-video-of-rahul-gandhi-saying-this-country-doesnt-belong-to-priests-viral/,MISSING CONTEXT,अब इनको पुजारियों से भी तकलीफ़ हैं।
https://www.factcrescendo.com/video-of-a-bangladeshi-body-builder-kicking-his-prize-viral-with-a-false-claim/amp/,MISSING CONTEXT,ये कैसी मानसिकता है। अगर एक SC अगर मेडल जीत गया है तो उसे कोनें मे खड़ा होने कों बोल रहें? ऐसे मनुवादी लोगों कों ऐसे ही किक करते रहो रास्ता ख़ुद रास्ता खोल देगा
https://www.factcrescendo.com/unrelated-images-passed-off-as-the-images-of-the-recent-manipur-landslide/amp/,MISSING CONTEXT,ये तस्वीरें मणिपुर में हुई भूस्खलन की घटना की है। 
https://www.factcrescendo.com/old-picture-of-sharad-pawar-and-eknath-shinde-viral-as-recent/,MISSING CONTEXT,यही है पवार पॉवर! उद्धव ठाकरे से एनसीपी से गठबंधन तोड़ने की बात कहने वाले शिंदे साहब।“
https://www.factcrescendo.com/clipped-video-of-amit-shah-showing-he-couldnt-answer-a-reporters-question-falsely-shared/amp/,MISSING CONTEXT,आख़िर अमित शाह ने क्यों साधी चुप्पी ? पत्रकार ने पूछे कुछ ऐसे सवाल। पत्रकार – जब बारिश आया इधर बाढ़ आया तब मोदी सरकार तेलंगाना का कोई मदद नहीं किया अमित शाह – चुप्पी
https://www.factcrescendo.com/justice-suryakant-and-justice-pardiwala-was-not-having-lunch-with-ndtv-owner-prannoy-roy/amp/,MISSING CONTEXT,"नूपुर शर्मा के आवेदन पर टिप्पणी करने वाले सुप्रीम कोर्ट के न्यायाधीश, भारत विरोधी धर्मयुद्ध के गणमान्य व्यक्तियों के साथ 7-सितारा होटल में दोपहर का भोजन कर रहे हैं"
https://www.factcrescendo.com/clipped-video-of-rahul-gandhis-speech-linked-to-agnipath-protest-viral/amp/,MISSING CONTEXT,अग्निपथ योजना के खिलाफ हो रहे आंदोलन के संबन्ध में राहुल गांधी ऐसा कह रहे है।
https://www.factcrescendo.com/old-video-of-nitish-kumar-calling-bjp-badka-jhootta-party-viral-as-recent/,MISSING CONTEXT,BJP के सहयोग से सरकार चला रहे माननीय मुख्यमंत्री BJP का मतलब बता रहें। जरूर सुनिए और साझा करके सबको सुनाइए।“
https://www.factcrescendo.com/old-video-of-shivsena-ncp-leaders-fighting-linked-to-maharashtra-political-crisis/,MISSING CONTEXT,राज्य में चल रहे हंगामे के बीच शिवसेना और राष्ट्रवादी कांग्रेस के नेता आपस में लड़ रहे है।
https://www.factcrescendo.com/video-of-police-lathicharge-in-ranchi-viral-as-lathicharge-in-prayagraj-against-agnipath-protesters/amp/,MISSING CONTEXT,इस कैमरा मैन को सलामी देते हैं जिन्होंने इस दृश्य को क्रिकेट कामेंट्री में बदल दिया। प्रयागराज अटाला।“
https://www.factcrescendo.com/old-video-of-azam-khan-saying-that-ram-krishna-are-his-ideals-viral/,MISSING CONTEXT,जेल से छूटने के बाद आज़म खान ने बोला कि राम और कृष्ण उनके आदर्श
https://www.factcrescendo.com/old-images-of-naga-sadhus-in-kumbh-mela-linked-to-nupur-sharma-row/,MISSING CONTEXT,"गा साधुओं ने भी नूपुर शर्मा के समर्थन का ऐलान कर दिया हैं। कल्पना करिये उस दृष्य का जब 18 लाख नागा साधु सड़क पर उतरेंगे। महा तांडव आपका स्वागत है,हर हर महादेव।"
https://www.factcrescendo.com/old-video-of-nupur-sharma-saying-hows-the-josh-high-sir-shared-as-recent/,MISSING CONTEXT,How Is The Josh” बोल रही नूपुर शर्मा
https://www.factcrescendo.com/scripted-video-about-groom-beaten-for-asking-dowry-goes-viral-as-real-incident/,MISSING CONTEXT,"दहेज ना मिलने पर दूल्हे ने किया शादी से इंकार, तो दुल्हन के भाई ने जमकर की पिटाई"
https://www.factcrescendo.com/false-news-about-bjp-leaders-prohibited-from-entering-meerut-police-station/,MISLEADING, मेरठ पुलिस ने “भाजपा कार्यकर्ताओं को अंदर जाना मना है” का बोर्ड लगाया है
https://www.factcrescendo.com/pm-modi-was-not-ignored-by-joe-biden-in-quad-leaders-meet/,MISSING CONTEXT,अमेरिकी राष्ट्रपति जो बाइडन ने पीएम मोदी को नज़र अंदाज किया।
https://www.factcrescendo.com/video-of-people-beating-a-dj-during-eid-in-bangladesh-passed-off-as-from-india/,MISSING CONTEXT,भारत में कुछ हिंदू मस्जिद के सामने हनुमान चालिसा पढ़ रहे थे और इसलिए मुस्लिमों ने उन्हें पीटा। 
https://www.factcrescendo.com/old-video-of-sonia-gandhi-saying-she-not-afraid-of-anyone-resurface-with-missing-context/amp/,MISSING CONTEXT,जिस खून में नेहरू जैसी धरोहर का खून शामिल हो वो कभी किसी से नहीं डर सकते हैं। राहुल गांधी ने पहले ही बोल दिया है मैं डरने वाला नहीं हूं। अब ऐसा सोनिया बोल रही हैं। 
https://www.factcrescendo.com/false-news-about-gold-chariot-washed-on-the-shores-of-srikakulam-viral-on-the-internet/,MISSING CONTEXT,इस तूफान के चलते समुद्र में एक सोने का रथ बहकर आया है।
https://www.factcrescendo.com/old-video-of-ashok-gehlot-saying-hindutva-ka-mahol-ban-gaya-hai-viral-as-recent/,MISSING CONTEXT,राजस्थान में हिन्दूओ पर जगह जगह हमले होने कारण भी शायद यही है। “माहौल हिंदुत्व का बन गया है हम भी घबरा गये है” – अशोक गेहलोत की स्वीकृति” 
https://www.factcrescendo.com/old-video-of-hanuman-chalisa-in-london-viral-as-recent/,MISSING CONTEXT,"लंदन ब्रिज पर हनुमान चालीसा, यहां देशद्रोह का मामला नहीं हुआ, मुंबई में हनुमान चालीसा पढ़ने पर जेल भेजा जा रहा है। विश्वभर में हिन्दू जाग रहे हैं,अपने धर्म का प्रचार प्रसार कर रहे हैं।"
https://www.factcrescendo.com/muslims-are-not-fighting-for-food-after-their-ramzan-fast/,MISSING CONTEXT,लोग दिनभर भूखे रहने के बाद अब खाने के लिये लड़ रहे है।
https://www.factcrescendo.com/video-of-police-questioning-people-taking-out-rally-with-swords-in-assam/,MISSING CONTEXT,पुलिस प्रशासन जब चाहेगा गुंडागर्दी 1 दिन में खत्म कर डालेगा। ऐसे पुलिस ऑफिसर को हम सेलूट करते हैं जो दंगा नियंत्रण करने के लिए मेहनत करते हैं और दंगे फसाद नहीं होने देते।
https://www.factcrescendo.com/an-old-photo-of-ias-keeping-his-shoe-on-a-hospital-bed-is-shared-as-a-recent-incident/,MISSING CONTEXT,मरीजों से मिलने गए तो यूं रहा छत्तीसगढ़ के प्रशिक्षु अफसर सोनकर का अंदाज।” अफसर के इस रवैये को लेकर उनपर कड़ी आपत्ती जताई जा रहीं है। 
https://www.factcrescendo.com/video-od-children-being-given-arms-training-in-afghanistan-viral-as-from-india/,MISSING CONTEXT,मदरसे में छात्र उच्च शिक्षा प्राप्त करते हुए।
https://www.factcrescendo.com/old-news-of-world-bank-removing-indias-developing-country-tag-viral-as-recent/amp/,MISSING CONTEXT,र्ल्ड बैंक ने भारत का विकासशील देश का टैग हटा दिया है। अब भारत को लोअर मिडिल इनकम कैटेगरी में गिना जायेगा। 
https://www.factcrescendo.com/old-image-of-yogi-adityanath-drinking-water-from-handpump-viral-as-recent/amp/,MISSING CONTEXT,"बिस्लरी की बोतल मंगाकर प्यास बुझाते मुख्यमंत्री बहुत देखे होंगे, पर ऐसा मुख्यमंत्री नही देखा होगा, जो अपनी प्यास बुझाने के लिए हैंडपंप तक पहुँच जाए। "
https://www.factcrescendo.com/scripted-video-showing-love-jihad-viral-on-the-internet/,MISSING CONTEXT, मुस्लिम लड़के ऐसे लव जिहाद को अंजाम देते है। 
https://www.factcrescendo.com/old-video-from-phagwara-linked-to-recent-hindu-new-year-violence/,MISSING CONTEXT,हिंदु नववर्ष के दिन हिंदुओं द्वारा निकाली गयी रैली पर मुस्लिम समुदाय के लोगों ने हमला किया की।
https://www.factcrescendo.com/old-news-of-worlds-smallest-satellite-designed-by-tamil-nadu-students-revived-again/,MISSING CONTEXT,25 मार्च को तमिलनाडु के इन छात्रों ने दुनिया का सबसे छोटा सैटेलाइट बनाया जिसे नासा ने लॉन्च किया।
https://www.factcrescendo.com/false-news-about-yogi-scolding-a-brahmin-on-stage-is-going-viral-on-the-internet/,MISSING CONTEXT,एक 72 साल के ब्राह्मण को योगी आदित्यनाथ ने अपमान कर कार्यक्रम से भगा दिया। 
https://www.factcrescendo.com/clipped-video-of-akhilesh-yadav-not-accepting-buddha-idol-falsely-shared/amp/,MISSING CONTEXT,अखिलेश यादव ने बुद्ध की मूर्ति लेने से इनकार कर दिया।
https://www.factcrescendo.com/swami-prasad-maurya-was-not-beaten-by-people-in-malihabad/,MISLEADING,पूर्व मंत्री स्वामी प्रसाद मौर्य को लोगो ने मंच पे जाके लात घूंसों से पीटा मलिहाबाद में।”
https://www.factcrescendo.com/old-video-of-akhilesh-yadavs-visit-to-london-falsely-linked-to-up-elections/,MISSING CONTEXT,उत्तर प्रदेश में हो रहे चुनाव में अखिलेश यादव ने हार मान ली है और चुनाव के बाद वे लंदन जाने वाले है। 
https://www.factcrescendo.com/old-video-of-mayawati-suggesting-people-to-cast-their-vote-to-bjp-and-not-muslims/,MISSING CONTEXT,"आज बहन जी ने सच बोल ही दीया। मुसलमान कट्टरपंथी हैं, चुनाव ना जीत जाए इसलिए मैने अपना वोट BJP को ट्रांसफर कर दिया। “मायावती"
https://www.factcrescendo.com/clipped-video-of-yogi-adityanath-saying-akhilesh-yadav-can-do-anything-viral/,MISSING CONTEXT,योगी बाबा बोले यही तो खूबी हैं अखिलेश यादव कुछ भी कर सकते हैं। यूपी में 10 मार्च को अखिलेश आएंगे।“
https://www.factcrescendo.com/video-of-people-beating-sp-leader-vipin-manothiya-valmiki-being-falsely-shared/,MISSING CONTEXT, दक्षिण मेरठ के सपा उम्मीदवार मोहम्मद आदिल चौधरी हिंदुओं को धमका रहे थे तो हिंदुओं ने उन्हें पीटा। 
https://www.factcrescendo.com/pm-modis-statement-on-congress-shared-as-modi-admitting-his-divide-and-loot-policy/,MISSING CONTEXT,पीएम मोदी ने अपने ही मुँह से मान लिया कि वे लोगों में फूट डालकर लूटने का काम करते हैं।
https://www.factcrescendo.com/clipped-video-of-rahul-gandhi-stating-that-demonetisation-is-beneficial/,MISSING CONTEXT,राहुल गांधी नोटबंदी को फायदेमंद बता रहे है।
https://www.factcrescendo.com/old-video-of-navjot-singh-sidhu-criticizing-rahul-gandhi-revived-after-cm-candidate-announcement/amp/,MISSING CONTEXT,"नवजोत सिंह सिद्धू बोल रहे है कि “राहुल बाबा स्कूल जाओ, स्कूल, ‘स्कूल में जाकर पढ़ना सीखो और राष्ट्रद्रोह के बीच का अंतर सीखो"
https://www.factcrescendo.com/old-video-of-bjp-mla-jai-mangal-kanojia-clashing-with-public-revived-with-misleading-claim/,MISSING CONTEXT,भाजपा नेता जय मंगल कनौजिया से हिसाब मांगते गांव वाले 5 वर्षों तक कुछ नहीं किया अब वोट लेने आए हैं।
https://www.factcrescendo.com/bsp-chief-mayawati-said-we-will-vote-bjp-to-defeat-samajwadi-party/,MISSING CONTEXT,सपा को हराने के लिए बसपा समर्थक बीजेपी को वोट देंगे।
https://www.factcrescendo.com/ravi-kishan-saying-it-will-be-an-insult-if-yogi-adityanath-campaigns-in-gorakhpur/amp/,MISSING CONTEXT,"योगी जी नामांकन पर्चा भर के चल दिये प्रचार करते तो बहुत बेज्जती होती, गोरखपुर हार रहे हैं योगी।“"
https://www.factcrescendo.com/old-video-of-bjp-mla-beaten-by-localities-in-up-viral-as-recent/,MISSING CONTEXT,उत्तर प्रदेश के महाराजगंज में जब विधायक चुनाव जीतने के सालों बाद लोगों से मिलने गये तो उनका गुस्सा फुटा और उन्होंने विधायक की पीटाई कर दी
https://www.factcrescendo.com/abp-video-talking-about-sps-good-work-in-up-is-not-fully-shown/amp/,MISSING CONTEXT,"अपराध, बेरोजगारी, महंगाई समाजवादी पार्टी के समय कम थी और योगी सरकार के समय बढ़ गई।"
https://www.factcrescendo.com/old-video-of-evm-tampering-in-mp-viral-as-recent/amp/,MISSING CONTEXT,भाजपा द्वारा ईवीएम मशीन के साथ छेड़छाड़ की गयी। 
https://www.factcrescendo.com/old-video-of-police-lathicharge-anti-caa-protest-in-lucknow-viral-with-false-claim/,MISSING CONTEXT,वर्तमान में शिक्षक भर्ती उम्मीद्वारों पर हुए लाठीचार्ज का यह वीडियो है।
https://www.factcrescendo.com/akhilesh-yadav-did-not-say-uttar-pradesh-needs-yogi-sarkar-to-prosper/amp/,MISSING CONTEXT,अब और क्या चाहिए। जब खूद अखिलेश यादव जी कह रहे हैं कि उत्तर प्रदेश को खूशहाली‌ के रास्ते पर ले जाना है तो योगी सरकार बनेगी।
https://www.factcrescendo.com/old-video-of-rajasthan-gov-providing-rs-2-lakh-to-farmers-viral-as-recent/,MISSING CONTEXT,आज से 9 फरवरी तक हर ज़िले में कर्जमाफी शिबीर लगाकर किसानों का कर्ज माफ किया जायेगा।“ 
https://www.factcrescendo.com/old-video-of-police-lathi-charging-on-women-in-lucknow-viral-as-recent/amp/,MISSING CONTEXT,प्रदर्शनकारी गर्भवती महिला के पेट पर पुलिस ने लाथ मारी।
https://www.factcrescendo.com/clipped-video-of-kanhaiya-kumar-talking-about-corona-viral-with-a-false-claim/amp/,MISSING CONTEXT, कन्हैया कुमार राहुल गांधी को मूर्ख कह रहे है।
https://www.factcrescendo.com/old-video-of-pm-modi-announcing-janata-curfew-viral-as-recent/,MISSING CONTEXT,हाल ही में बढ़ते कोरोना संक्रमण को ध्यान में रखते हुये प्रधानमंत्री ने अभी जनता कर्फ्यू का ऐलान किया है।
https://www.factcrescendo.com/deepika-padukone-did-not-cry-after-the-boycott-pathan-trends-on-social-media/,MISLEADING,दीपिका पादुकोणकी एक वीडियो साझा करते हुए दावा कर रहे है कि पठान फिल्म को लेकर चल रहे विरोध को देखकर दीपिका पादुकोण दुखी होकर रो पड़ी। 
https://www.factcrescendo.com/clipped-video-of-rahul-gandhi-saying-that-hindi-wont-be-useful-out-of-india/,MISSING CONTEXT,हिंदी भाषा पर सवाल उठाने से पहले राहुल गांधी को याद रखना चाहिए अटल जी और मोदी जी ने UN में भी हिंदी में भाषण दिया था।“
https://www.factcrescendo.com/clipped-video-of-shah-rukh-khan-saying-when-pakistan-wins-he-thinks-his-father-has-won/amp/,MISSING CONTEXT,मैं भी एक पठान हूं जब पाकिस्तान जीतता है तो मुझे लगता है कि मेरा वालिद जीत गया “- शाहरुख़ खान।  
https://www.factcrescendo.com/edited-video-shared-as-ashok-gehlot-saying-electricity-can-be-taken-out-from-water/,MISSING CONTEXT,शोक गहलोत ने एक वरिष्ट राजनीतिज्ञ होने के बावजूद पानी से बिजली निकल जाएगी वाली बात कही।
https://www.factcrescendo.com/clipped-video-of-pm-modi-eknath-shinde-at-vande-bharat-inauguration-falsely-shared/,MISSING CONTEXT,वंदे भारत एक्सप्रेस को हरि झंडी दिखाते समय फोटो के लिये प्रधानमंत्री मुख्यमंत्री एकनाथ शिंदे को समाने से हटा रहे है।
https://www.factcrescendo.com/104-blood-on-call-helpline-number-is-not-for-the-entire-country/,MISLEADING,पूरे भारत में ‘ब्लड ऑन कॉल’ सेवा के तहेत 104 टोल फ्री नंबर लॉन्च किया गया है।
https://www.factcrescendo.com/clipped-video-of-akbaruddin-owaisi-claiming-to-swipe-out-congress-with-pm-modi-falsely-shared/amp/,MISSING CONTEXT,अकबरुद्दीन ओवैसी कह रहे है कि वे प्रधानमंत्री नरेंद्र मोदी के साथ मिलकर कांग्रेस को नष्ट करेंगे।
https://www.factcrescendo.com/video-of-rahul-gandhi-speaking-even-while-mic-was-off-shared-with-a-false-claim/amp/,MISSING CONTEXT,राहुल गांधी का मज़ाक बना रहे है कि भाषण देते समय राहुल गांधी को समझ ही नहीं आया कि उनका माइक बंद हो गया है। और वे बोलते ही जा रहे है।
https://www.factcrescendo.com/old-video-of-isudan-gadhvis-roadshow-viral-as-recent/,MISSING CONTEXT,"AAP के गुजरात CM उम्मीदवार के रोड शो की तस्वीरें, मानो पूरा गुजरात उमड़ आया।"
https://www.factcrescendo.com/old-video-of-pooja-tomar-winning-the-medal-viral-as-recent/,MISSING CONTEXT,"भारत की बेटी पूजा तोमर के “मिक्सड मार्शल आर्ट में विश्व चैंपियन बनने” पर उनको, उनके पुरे परिवार को और सभी देश वासियों को हार्दिक शुभकामनाएं व बधाई"
https://www.factcrescendo.com/old-video-of-gujarat-and-himachal-pradesh-election-result-shared-as-recent/,MISSING CONTEXT,"चुनाव नतीजे: गुजरात में कांग्रेस आगे, हिमाचल में बीजेपी आगे।"
https://www.factcrescendo.com/clipped-video-shared-to-claim-rahul-gandhi-said-i-want-power-and-a-seat-instead-of-truth/,MISSING CONTEXT,"वीडियो में राहुल गाँधी कहते है कि “मुझे सत्ता चाहिए, सच्चाई से मुझे कुछ लेना देना नहीं। सच्चाई जाए भाड़ में, मुझे कुर्सी मिला जाए बस।”"
https://www.factcrescendo.com/old-video-of-gujarat-and-himachal-pradesh-election-results-viral-as-recent/,MISSING CONTEXT,यह गुजरात और हिमाचल प्रदेश के चुनाव के एक्जिट पोल के आंकड़ें है।
https://www.factcrescendo.com/old-photo-of-pm-modi-and-indian-air-force-marshal-arjan-singh-viral-with-as-recent/,MISSING CONTEXT,"भारत के इतिहास में पहले प्राइम मिनिस्टर,माननीय PM NARENDRA MODI ने फिल्ड मार्शल अर्जुन सिंह जी को खुद अपने हाथों से चाय परोसा और पाँव छूकर उनका आशीर्वाद  लिया।"
https://www.factcrescendo.com/video-clip-of-the-kerala-story-film-teaser-viral-with-a-false-claim/,MISSING CONTEXT,यह  शालिनी उन्नीकृष्णन  लव जिहाद का शिकार हुई धर्म परिवर्तन कर फातिमा बा बन गई। इन्हें ISIS की सेक्स स्लेव बनने के लिए सीरिया-ईराक भेज दिया गया। और ऐसा करने वाली यह अकेली नहीं है।
https://www.factcrescendo.com/clipped-video-of-ashok-gehlot-saying-that-people-in-rajasthan-are-suffering/,MISSING CONTEXT,मुख्यमंत्री जी खुद कह रहे हैं कि जनता त्रस्त है राजस्थान के अंदर। तो इस्तिफा क्यो नही दे देते जनता जिसके राज्य में सुखी रह सकें उन्हें कमान सौंपे ताकि हम सरकार वापस रिपीट कर सकें।“
https://www.factcrescendo.com/old-photos-passed-off-as-low-pollution-level-in-delhi-during-diwali-2022/,MISSING CONTEXT,ताजा दृश्य धौलाकुआँ (दक्षिण दिल्ली) का है! मैंने आज तक दिवाली वाले दिन दिल्ली को इतना साफ नही देखा।  दिल्ली के 2 करोड़ लोगों को बधाई
https://www.factcrescendo.com/video-of-people-in-italy-bursting-crackers-on-new-year-passed-off-as-delhis/amp/,MISLEADING,यह वीडियो दिल्ली का है जहां पटाखों पर प्रतिबंध होने के बावजूद लोगों ने पटाखे जलाये और केजरीवाल सरकार को जवाब दिया।
https://www.factcrescendo.com/2016-video-of-a-football-fan-linked-to-a-recent-india-pakistan-cricket-match-in-the-t20-world-cup/amp/,MISLEADING,यह वीडियो भारत-पाकिस्तान टी-20 वर्ल्ड कप मैच का है। भारत की जीत के पल को देखकर पाकिस्तानी ने अपना टीवी तोड़ दिया।
https://www.factcrescendo.com/clipped-video-of-jp-nadda-claiming-that-he-lied-about-existence-of-bjp-in-1951-52/amp/,MISSING CONTEXT,"झूठ का अड्डा, जेपी नड्डा। इन्हें ये भी नहीं पता की भाजपा का गठन कब हुआ? राष्ट्रीय अध्यक्ष हैं भाजपा के।“"
https://www.factcrescendo.com/hardik-patel-called-pm-modi-as-feku-in-2016-before-he-joined-bjp/,MISLEADING,भाजपा नेता हार्दिक पटेल ने प्रधानमंत्री मोदी को ‘फेंकू’ कहा और आम आदमी पार्टी के नेता अरविन्द केजरीवाल की तारीफ करते हुए नज़र आ रहे है।
https://www.factcrescendo.com/clashes-between-two-groups-during-durga-visarjan-in-bilaspur-viral-with-a-communal-claim/amp/,MISSING CONTEXT,"बिलासपुर में दुर्गा विसर्जन के दिन मुस्लिमों ने हिंदुओं पर लाठी, डंडे व रॉड से हमला किया। "
https://www.factcrescendo.com/clipped-video-of-arvind-kejriwal-misstating-lord-krishnas-name-instead-of-arjuns-viral/amp/,MISSING CONTEXT,अरविंद केजरीवाल महाभारत के एक प्रसंग के बारें में बता रहे है। वे कह रहे है कि युद्ध के समय श्रीकृष्ण से मदद मांगने के लिये दुर्योधन और श्रीकृष्ण गये। दुर्योधन उनके सिरहाने बैठ गये और श्रीकृष्ण उनके पांव के पास बैठ गये। 
https://www.factcrescendo.com/false-news-about-yogi-adityanath-didnt-bow-down-to-mahatma-gandhis-statue-viral/,MISSING CONTEXT,योगी आदित्यनाथ ने श्रद्धांजली देते समय महात्मा गांधी को हाथ जोड़कर नमन नहीं किया।
https://www.factcrescendo.com/old-video-of-farooq-abdullah-singing-bhajan-viral-as-recent/amp/,MISSING CONTEXT, भाजपा की सरकार आने के बाद ऐसा परिणाम हुआ है कि अब फारूक अबदुल्ला भी माता का भजन गा रहे है।
https://www.factcrescendo.com/scripted-video-of-a-school-hm-throwing-a-reporter-out-of-the-class-viral-on-the-internet/,MISSING CONTEXT,बिना एचएम के परमिशन के क्लास में घुसने वाले पत्रकार को शिक्षिका ने क्लास से बाहर निकाला.. “शिक्षकों के सम्मान में…
https://www.factcrescendo.com/anupriya-patel-is-not-supporting-bharat-jodo-yatra/amp/,MISSING CONTEXT,अनुप्रिया पटेल भाजपा से नाता तोड़कर कांग्रेस की ‘भारत जोड़ो यात्रा’ के समर्थन में खुलकर सामने आ गई हैं।
https://www.factcrescendo.com/video-claiming-rahul-gandhi-refused-to-perform-arti-falsely-shared/,MISSING CONTEXT,नौधरी राहुल गांधी आरती करने से मना करते हुए
https://www.factcrescendo.com/scripted-video-of-a-school-girl-being-kidnapped-viral-as-real/amp/,MISSING CONTEXT,बच्ची को किडनैप कर ले जा रहे थे और उसे 20 लाख रूपये में बेचने वाले थे। 
https://www.factcrescendo.com/clipped-video-of-bjp-workers-talking-about-aap-viral-with-a-false-claim/,MISSING CONTEXT,भाजपा समर्थक अब आम आदमी पार्टी को समर्थन दे रहै हैं।
https://www.factcrescendo.com/scripted-video-of-school-teachers-confronting-a-reporter-viral-on-the-internet/amp/,MISSING CONTEXT, बिहार में सरकारी विद्यालय की शिक्षिका ने वहाँ की शिक्षा व्यवस्था को बदनाम कर रहे पत्रकारों को फटकार लगायी।
https://www.factcrescendo.com/clipped-video-of-rahul-gandhi-shared-to-falsely-claim-that-he-made-an-anti-hindu-statement/amp/,MISSING CONTEXT,राहुल गांधी हिंदुओं को बाहर निकालना चाहते है।
https://www.factcrescendo.com/scripted-video-of-a-maulvi-touching-a-woman-inappropriately-viral-as-real-incident/,MISSING CONTEXT,सभी हिंदू भाइयों से हाथ जोड़कर प्रार्थना है मजारों पर माथा टेकने ना जाए। नहीं तो फिर यही होना है और फिर सारी जिंदगी बाहर रोना ही है।
https://www.factcrescendo.com/old-video-of-congress-freedom-march-in-bangalore-linked-to-bharat-jodo-yatra/,MISSING CONTEXT,यह वीडियो कांग्रेस के भारत जोड़ो यात्रा का है। 
https://www.factcrescendo.com/clipped-video-of-bhagwant-mann-falsely-shared/,MISSING CONTEXT,जो वे कहते है वो वे करते है और जो वे नहीं कर सकते वह वे कह देते है।
https://www.factcrescendo.com/defence-minister-rajnath-singh-is-not-questioning-pm-modi-on-inflation/,MISLEADING,राजनाथ सिंह मंहगाई को लेकर प्रधानमंत्री मोदी की असफलता के बारें में बात कर रहे है।
https://www.factcrescendo.com/clipped-video-of-bhagwant-mann-going-viral-with-a-false-claim/,MISSING CONTEXT,अगर किसी की शान के खिलाफ कोई लफ्ज़ उनके मूँह से निकल गया हो तो वो आदमी उनसे जाकर माफी मांग ले।
https://www.factcrescendo.com/clipped-video-of-rahul-gandhi-during-book-release-viral-with-a-false-claim/amp/,MISSING CONTEXT,जब रिपोर्टर ने राहुल गांधी को किताब के पीछे का कवर दिखाने बोला तो वे खुद घुम गये और उन्होंने
https://www.factcrescendo.com/clipped-video-of-ashok-gehlot-drinking-holy-water-with-his-mask-on-viral/,MISSING CONTEXT,मुख्यमंत्री ने वहाँ के पूजारी द्वारा दिये गये चरणामृत को मस्त पहनकर ही पी लिया। 
https://www.factcrescendo.com/video-of-cm-shivraj-singhs-comment-on-his-teacher-is-clipped/,MISSING CONTEXT,"ये अपने गुरूजी के सिर पर पैर रखते थे। वाह ! शिवराज, एक नंबरी लफ़्फ़ाज़।“"
https://www.factcrescendo.com/clipped-video-of-rahul-gandhi-measuring-flour-in-litres-viral-on-the-internet/amp/,MISSING CONTEXT,आटे का भाव पहले 22 रूपये लीटर था और अब 40 रूपये है। 
https://www.factcrescendo.com/scripted-video-of-a-man-marrying-his-daughter-in-law-viral-on-the-internet/,MISSING CONTEXT,शोसल मिडिया पर हो रहा वीडियो वायरल ससुर ने की अपने ही बेटे की बहू से शादी।”
https://www.factcrescendo.com/video-of-bharat-mata-offering-namaz-in-lucknow-school-is-clipped/amp/,MISSING CONTEXT,लखनउ के एक विद्यालय में स्वतंत्रता दिवस के मौके पर प्रस्तूत मंचन में भारत माता का किरदार निभा बच्ची के मुकूट को निकाल कर उससे नमाज पढ़वाई गई। 
https://www.factcrescendo.com/old-video-of-lalu-prasad-calling-nitish-kumar-ghatiya-and-scandalous-viral/,MISSING CONTEXT,लालू प्रसाद यादव को ये कहते हुये सुन सकते है कि नीतीश कुमार इतना घटिया और स्कैंडलस मास्टर है और डिवोर्स होने के बाद से वह पागल हो गया है।
https://www.factcrescendo.com/old-video-of-aamir-khan-accepting-his-fault-for-the-movie-not-liked-by-people-viral/,MISSING CONTEXT,काफ़ी दर्द हुआ सुनकर लाल सिंह चड्ढा सुपर फ्लोप हो गई आमिर खान ने खुद स्वीकार किया। यह सब सभी सनातनियो की एकता का कमाल है। 
https://www.factcrescendo.com/clipped-video-of-amit-shah-speaking-about-cisf-viral-with-a-false-claim/amp/,MISSING CONTEXT,सीआईएसएफ से औद्योगिक इकाइयों की सुरक्षा करने का काम निकाल कर प्राइवेट सिक्योरिटी एजेंसी को सौंपा जायेगा ऐसा अमित शहा ने बोला।  
https://www.factcrescendo.com/scripted-video-showing-a-reporter-confronting-a-gov-school-teacher-viral-on-the-internet/,MISSING CONTEXT,डियो जरूर देखिये हसी भी आएगी पर हमारी शिक्षा का स्तर कहा पहुचा गया है। रिपोर्टर भाई को भी सैल्यूट अगर मूड फ्रेश ना हो जाए तब कहना।
https://www.factcrescendo.com/scripted-video-showing-a-burqa-clad-woman-kidnapping-a-kid-viral/amp/,MISSING CONTEXT,बुर्का पहना हुआ यह शख्स बच्चे को किडनैप कर ले जा रहा है।
https://www.factcrescendo.com/clipped-video-showing-pm-modi-ignoring-ram-nath-kovind-at-his-farewell-ceremony/,MISSING CONTEXT,विदाई समारोह में प्रधानमंत्री मोदी ने रामनाथ कोविंद को नज़र अंदाज़ कर दिया। 
https://www.factcrescendo.com/video-of-people-chasing-a-buffalo-is-from-pakistan/amp/,MISSING CONTEXT,एक जानवर के लिए इतने हथियार निकले हैं और हथियारों की कैटेगरी पर भी ध्यान दीजिए। आप कहा हो? क्या हैं आपकी आने वाली पीढ़ियों का भविष्य
https://www.factcrescendo.com/old-video-of-miscreants-threatening-yati-narsinghanand-viral-as-recent/amp/,MISSING CONTEXT,जयपुर के घाटगेट पर एक बार फिर यति नरसिंहानंद का सिर धड से अलग करने की धमकी दे रहे है।
https://www.factcrescendo.com/scripted-video-of-a-panipuri-seller-mixing-harpic-in-water-viral-on-the-internet/,MISSING CONTEXT, एक मुस्लिम आदमी पानीपुरी के पानी को स्वादिष्ट बनाने के लिये उसमें हारपिक मिला रहा है।
https://www.factcrescendo.com/scripted-video-showing-an-old-man-marrying-his-two-daughters-viral/,MISSING CONTEXT, यह आदमी हिंदू है और इसने अपनी ही दोनो बेटियों से जबरन शादी की।
https://www.factcrescendo.com/clipped-video-of-digvijay-singh-talking-about-cow-beef-viral-with-a-false-claim/amp/,MISSING CONTEXT,दिग्विजय सिंह बोलते है कि “हिंदू धर्म का हिंदूत्व से कोई नाता नहीं है। गाय जो है ऐसा पशु है कि खुदके मल में लोट लेती है। वो कहा से हमारी माता हो सकती है और उसके गोमांस खाने में कोई खराबी नहीं है।
https://www.factcrescendo.com/old-video-of-indians-protesting-in-london-against-pakistan-is-viral-as-recent/amp/,MISSING CONTEXT, हाल ही में लंदन में स्थित हिंदुओं ने पाकिस्तान के सभी रेस्तरां का बहिष्कार करने का निर्णय लिहा है।
https://www.factcrescendo.com/old-video-of-people-protesting-for-human-rights-of-kashmiris-in-la-viral-as-recent/,MISSING CONTEXT,वर्तमान में प्रधानमंत्री मोदी के अमेरिका दौरे के समय लोगों ने उनके खिलाफ विरोध प्रदर्शन किया था।
https://www.factcrescendo.com/old-video-of-police-beating-a-don-in-gujarats-bhavnagar-viral-as-recent/amp/,MISSING CONTEXT,भुपेंद्र पटेल के मुख्यमंत्री बनने के बाद का यह दृश्य है जब गुजरात पुलिस खुलेआम अपराधियों को सज़ा दे रही है।
https://www.factcrescendo.com/modi-did-not-say-that-he-is-a-thief/,MISSING CONTEXT,"जब मैं छोटी चोरी करता था, तब अगर मेरी माँ ने रोका होता, तो मैं इतना बड़ा लूटेरा ना बनता"
https://www.factcrescendo.com/clipped-video-of-rahul-gandhi-suggesting-to-replace-indian-army-with-farmers/,MISSING CONTEXT,राहुल गाँधी ने चीन सीमा पर भारतीय सेना की जगह मजदूरों और किसानों को तैनात करने का सुझाव दिया है
https://www.factcrescendo.com/clipped-video-of-arvind-kejriwals-statement-about-farm-bills/,MISSING CONTEXT,अरविंद केजरीवाल कृषि कानूनों के समर्थन में है व उनके फायदे बता रहे है
https://www.factcrescendo.com/rahul-gandhis-clipped-video-on-farmers-loan-waiver-viral-on-internet/,MISSING CONTEXT,किसान का कर्ज़ा माफ नहीं करना चाहिए क्योंकि अगर कर्ज़ा माफ किया तो किसान की आदत खराब हो जाएगी। 
https://www.factcrescendo.com/old-video-of-farmers-throwing-tomatoes-during-lockdown-shared-as-recent/amp/,MISSING CONTEXT,दक्षिण भारत के इन किसानों को दलाल सही दाम नहीं दे रहे इसलिए वे टमाटर फेंक रहे है।
https://www.factcrescendo.com/video-of-farmers-protesting-in-india-day-parade-in-hicksville-viral-as-recent/,MISSING CONTEXT,मोदी का अमेरिका में भी किसान विरोध कर रहे है
https://www.factcrescendo.com/old-video-of-terrorists-playing-football-with-severed-heads-in-syria-passed-off-as-recent/amp/,MISSING CONTEXT, कटे हुये सिर से फुटबॉल खेल रहे लोग तालिबानी आतंकी है।
https://www.factcrescendo.com/old-video-of-a-bjp-councillor-thrashing-a-cop-viral-in-the-name-of-anil-upadhyay/,MISSING CONTEXT,पुलिसकर्मी को पीटने वाला शख्स भा.ज.पा विधायक अनिल उपाध्याय है
https://www.factcrescendo.com/bjp-bengal-shares-clipped-video-of-tmc-candidate-kaushani-mukherjee/,MISSING CONTEXT,कौसानी मुखर्जी ने लोगों को धमकी दी है कि अगर वे टीएमसी को वोट नहीं देते हैं तो उनकी मां और बहनों के साथ बुरा व्यवहार किया जाएगा
https://www.factcrescendo.com/clipped-video-on-amit-shah-speaking-about-bjps-political-intention/amp/,MISSING CONTEXT,"अमित शाह ने कहा - ये सरकार देश में ऐसी चल रही है जो केवल झूठ और झूठ के आधार पर चल रही है, ये झूठ का पर्दाफाश करने के लिए आज आपको यहाँ पर बुलाया है"
https://www.factcrescendo.com/clipped-video-of-pm-modi-speaking-about-poor-people-viral-on-the-internet/,MISSING CONTEXT," पीएम मोदी ने कहा - गरीब को सिर्फ सपने दिखाओ, झूठ बोलो, उसे आपस में लड़ाओ और राज करो"
https://www.factcrescendo.com/priyanka-gandhis-clipped-video-linked-to-rahul-gandhi-viral-on-internet/amp/,MISSING CONTEXT,"जो चार्टड प्लेन से घूमते है और चुनाव में आपके सामने साइकिल चलाते है, उनसे सावधान! बहन जी ने बताई अपने भाई की कहानी"
https://www.factcrescendo.com/in-this-incident-in-maharashtra-the-claim-of-the-accused-being-a-muslim-is-fake-there-is-no-communal-angle/amp/,MISLEADING,"35 साल के हाफ़िज़ बेग ने 6 साल की मासूम का, रेप किया फिर निर्ममता से उसकी हत्या कर दी, हाफ़िज़ को अरेस्ट करने गयी महाराष्ट्र पुलिस पर वहां के नमाजी मुसलमानों ने ईंट पत्थरों लाठीयों से हमला कर दिया, 17 पुलिसकर्मी गंभीर रूप से घायल, भीड़ का कहना था कि 6 साल की बच्ची से रेप जायज़ है, आपके दो शब्द इन इंसानी जानवरो के लिए ?"
https://www.factcrescendo.com/claim-of-selling-popcorn-mixed-with-urine-is-false-old-incident-is-viral-with-fake-claim/amp/,MISLEADING,"बेंगलुरु में एक पॉपकॉर्न स्टॉल के शांतिप्रिय मालिक को नमक की जगह पेशाब से पॉपकॉर्न बनाते रंगे हाथों पकड़ा गया!

"
https://www.factcrescendo.com/jaffrabad-murder-video-does-not-show-muslims-killing-a-hindu-man/,MISSING CONTEXT,"ह्मपुरी सीलमपुर दिल्ली दिन दहाड़े यह तो शुरुआत है आगे आगे हिन्दुओं देखो क्या होता है तुम्हारे साथ और दो राष्ट्रविरोधी पार्टियों को वोट, सभंल जाओ अभी मौका है|”

"
https://www.factcrescendo.com/this-picture-of-women-carrying-sacks-is-from-islamabad-not-india/amp/,MISSING CONTEXT,"500 हो या 8500 ,या हो राशन लाइन में हमेशा ताजमहल और लाल किले की मालकिने ही खड़ी रहती है, सड़क पर धरना देने के लिए ही सिर्फ बैठती है।"
https://www.factcrescendo.com/he-claim-of-pm-modi-ignoring-joe-biden-is-false-the-person-seen-in-the-video-is-a-staff-member/amp/,MISLEADING,"बाईडेन से हाथ न मिलाकर मोदी जी ने अमेरिका को उसकी औकात  दिखा दी, हमारे चुनावों में दखल अंदाजी का नतीज़ा तो औकात दिखादी दुनिया के सामने…"
https://www.factcrescendo.com/did-pm-modi-sit-down-before-the-national-anthem-was-over-during-oath-taking-ceremony-in-odisha-claim-is-fake/amp/,MISLEADING,बैठने की इतनी जल्दी है कि राष्ट्रगान खत्म भी नहीं हुआ और सत्ता की सनक मे कुर्सी को ही सब कुछ मान बैठा आदमी बीच मे हीं बैठ गये !!भक्तों जय श्री राम लिखे बिना कोई आगे नहीं जायेगा
https://www.factcrescendo.com/madhavi-lata-gave-this-statement-related-to-muslim-community-not-after-the-election-results-but-during-the-campaign/amp/,MISLEADING,चुनाव हारते ही औकात समझ में आ गई ___ 
https://www.factcrescendo.com/the-woman-being-escorted-by-digvijay-singhs-guards-had-not-come-to-ask-him-for-rs-8500-the-claim-is-fake/amp/,MISLEADING,"जब एक महिला दिग्विजय सिंह के पास 8500 रुपये खटाखट खटाखट मांगने गयी, टकाटक टकाटक गालिया और दुत्कार कर भगाया फटाफट फटाफट.."
https://www.factcrescendo.com/video-of-old-meeting-of-dk-shivakumar-and-chandrababu-naidu-goes-viral-linking-it-to-2024-lok-sabha-elections/amp/,MISSING CONTEXT,"असली खेल अब शुरू होगा। डीके शिवकुमार जी और चंद्रबाबू नायडू की मुलाकात हुई। बात चीत भी हुई अब देखना है कितने दिन ,मोदी सरकार टिकती है !"
https://www.factcrescendo.com/this-viral-video-of-a-girl-smoking-a-cigarette-inside-a-temple-is-scripted/amp/,MISSING CONTEXT,"बॉयफ्रेंड से मोबाइल पर बात करते हुए, मंदिर में रखी आरती से सिगरेट जलाकर मंदिर में ही पीने लगी। फिसलकर गिरी तो हड्डी टूट गई। क्या किसी अन्य धार्मिक स्थल पर, इस तरह का TRRISM फैलाती तो सुरक्षित होती? घटना – मंदिर CC-TV FOOTAGE में केद

"
https://www.factcrescendo.com/om-prakash-rajbhars-viral-statement-against-bjp-is-old/amp/,MISSING CONTEXT,भारतीय जनता पार्टी का बाजा न बाजवा दिया तो मेरा भी नाम ओम प्रकाश राजभर नहीं।
https://www.factcrescendo.com/this-statement-of-chandrababu-naidu-about-pm-modi-is-from-5-years-ago/amp/,MISSING CONTEXT,सभी नेता नरेंद्र मोदी से बेहतर हैं– चंद्रबाबू नायडू 
https://www.factcrescendo.com/pm-did-not-refuse-to-accept-rose-during-greeting-incomplete-video-goes-viral/amp/,MISSING CONTEXT,मोदी को कंगना ने गुलाब दिया तो उन्होंने हाथ जोड़ कर इसे लेने से इंकार कर दिया
https://www.factcrescendo.com/the-claim-of-a-hindu-man-being-attacked-by-a-mob-in-pakistan-for-applying-tilak-is-fake/amp/,MISLEADING," समाचार पाकिस्तान से, सरगोधा पाकिस्तान एक हिंदू मंदिर से वापस आ रहा था कसूर सिर्फ इतना था माथे पर उसने गलती से “तिलक” लगा लिया शांति दूतो ने उसे पीट पीट कर मार डाला । काफिर हिंदू…."
https://www.factcrescendo.com/%e0%a4%b6%e0%a4%bf%e0%a4%b5%e0%a4%9c%e0%a5%80-%e0%a4%a8%e0%a5%87-%e0%a4%95%e0%a4%b9%e0%a4%be-%e0%a4%9c%e0%a5%8b-%e0%a4%9a%e0%a4%be%e0%a4%b9%e0%a5%87-%e0%a4%95%e0%a4%b0-%e0%a4%b2%e0%a5%8b-%e0%a4%95/,TRUE,"शिवजी ने कहा – जो चाहे कर लो, केवल इस पाठ से ही मिलेगी दुखों रोगों से मुक्ति"
https://www.factcrescendo.com/%e0%a4%a4%e0%a4%a5%e0%a5%8d%e0%a4%af-%e0%a4%95%e0%a5%80-%e0%a4%9c%e0%a4%be%e0%a4%82%e0%a4%9a-%e0%a4%95%e0%a5%8d%e0%a4%af%e0%a4%be-%e0%a4%9c%e0%a4%b5%e0%a4%be%e0%a4%b9%e0%a4%b0%e0%a4%b2%e0%a4%be/,MISLEADING,इस पोस्ट में इस यूजर्स ने कहा है की नेहरू ने पत्नी कमला के साथ बड़ा ही दुर्भाग्यपूर्ण व्यवहार किया और उन्हें परदेस में अकेले मरने के लिए छोड़ दिया
https://www.factcrescendo.com/%e0%a4%a4%e0%a4%a5%e0%a5%8d%e0%a4%af-%e0%a4%95%e0%a5%80-%e0%a4%9c%e0%a4%be%e0%a4%82%e0%a4%9a-%e0%a4%95%e0%a5%8d%e0%a4%af%e0%a4%be-%e0%a4%86%e0%a4%82%e0%a4%a7%e0%a5%8d%e0%a4%b0%e0%a4%aa%e0%a5%8d/,MISLEADING,अमित शाह को अनुपस्थिति के कारण (कथनों के अनुसार) उन्हें अपनी जनसभा को रद्द करना पड़ा
https://www.factcrescendo.com/%e0%a4%a4%e0%a4%a5%e0%a5%8d%e0%a4%af-%e0%a4%95%e0%a5%80-%e0%a4%9c%e0%a4%be%e0%a4%82%e0%a4%9a-%e0%a4%95%e0%a5%87%e0%a4%82%e0%a4%a6%e0%a5%8d%e0%a4%b0%e0%a5%80%e0%a4%af-%e0%a4%ae%e0%a4%82%e0%a4%a4/,MISLEADING,"राहुल गांधी ने नितिन गडकरी द्वारा दिए गए बयान, “जो घर नहीं संभाल सकता ,वह देश क्या संभालेगा” को ट्वीट करते हुए नितिन गडकरी को यह कहकर शाबाशी दी है कि वह अकेले तमाम भारतीय जनता पार्टी मे एक है जिनके पास हिम्मत है"
https://www.factcrescendo.com/deo-of-up-deputy-cm-keshav-mauryas-protest-goes-viral-with-misleading-claims/amp/,MISLEADING,"कौशांबी में डिप्टी सीएम केशव प्रसाद मौर्य का भारी विरोध,विरोध को देखते हुए विनोद सोनकर को लेकर गेस्ट हाउस से तत्काल निकले केशव प्रसाद मौर्य…"
https://www.factcrescendo.com/old-video-of-haryana-goes-viral-by-linking-it-to-the-recent-punjab-lok-sabha-elections/amp/,MISLEADING,पंजाब में आम आदमी पार्टी के विरोध में लाउड स्पीकर लगाकर लोग सड़कों पर उतरे ।
https://www.factcrescendo.com/this-video-of-police-lathi-charge-has-nothing-to-do-with-lok-sabha-elections/amp/,MISSING CONTEXT,"कानपुर, साहेब बच्चे को लग जाएगी, बच्चे को लग जाएगी साहब. पुलिस की मार खाता ये व्यक्ति चीखता रहा लेकिन खाकी के नशे में चूर इन पुलिस वालों ने एक ना सुनी। अगर बच्चे को कुछ हो जाता तो इसकी जिम्मेदारी कौन लेता। लोकसभा चुनाव 2024।"
https://www.factcrescendo.com/kharge-did-not-talk-about-ending-congress-edited-video-viral/,MISSING CONTEXT,कांग्रेस अध्यक्ष मल्लिकार्जुन खड़गे द्वारा कांग्रेस का अंतीम संस्कार तय है। 
https://www.factcrescendo.com/muslim-community-in-karnataka-openly-claims-cow-slaughter-on-the-road-is-fake/amp/,MISSING CONTEXT,कर्नाटक में मुस्लिम समुदाय द्वारा खुले आम गौ हत्या 
https://www.factcrescendo.com/mayawati-did-not-appeal-to-vote-for-bjp-the-viral-video-is-incomplete/amp/,MISSING CONTEXT,हिंदुओ से मायावती की अपील बीजेपी को वोट दे
https://www.factcrescendo.com/old-video-of-modi-slogans-raised-for-rahul-gandhi-after-filing-nomination/,MISSING CONTEXT,रायबरेली से फार्म भरकर राहुल गाँधी अयोध्या राम मंदिर दर्शन के लिए आये है। वायनाड चुनाव के दौरान यह कभी मंदिर नहीं गये।राम भक्तों ने इनके बहुरूपिए पन का दिया जबाब*मोदी मोदी* के नारे लगाकर विरोध किया। *ऐसे बहुरूपियो से सावधान रहें।*
https://www.factcrescendo.com/incomplete-video-of-kharge-distributing-money-to-muslims-goes-viral/,MISSING CONTEXT,भगवान ने आपको बुद्धि और सुनने की शक्ति दी है तो इस बंदे को सुन लो जो कि इतना स्पष्ट बोल रहा है। उनकी पार्टी से क्या उम्मीद लगा सकता है भारत यह तो खुले आम हिंदू मुस्लिम को लडवा रहे हैं फिर कोई नहीं रहेगा।
https://www.factcrescendo.com/video-of-2023-karnataka-assembly-elections-goes-viral-as-the-voting-of-recent-lok-sabha-elections/,MISSING CONTEXT,हालिया लोकसभा चुनाव के वोटिंग के दौरान एक शख्स ने PM मोदी पर गुस्सा जाहिर करते हुए ईवीएम को जमीन पर पटक दिया।
https://www.factcrescendo.com/raveena-tandons-2012-video-goes-viral-linking-it-to-the-recent-lok-sabha-elections-2024/,MISSING CONTEXT,अभिनेत्री रवीना टंडन ने कहा कि इस बार लोकसभा चुनाव 2024 में कांग्रेस जीतेगी । 
https://www.factcrescendo.com/bjp-leader-claiming-to-change-the-constitution-after-winning-400-seats-is-clipped/amp/,MISSING CONTEXT,भाजपा आरक्षण और संविधान खत्म करने की कसम खा चुकी है। संविधान बदलने के अपने प्रण को सभी भाजपा नेता लगातार दोहरा रहे हैं। राजस्थान के मंत्री किरोड़ीलाल मीणा को सुनें– “मोदी जी 400 पार करेंगे तो आरक्षण ख़त्म करेंगे और #संविधान को भी बदल देंगे 
https://www.factcrescendo.com/ec-did-not-challenge-political-parties-to-hack-evms-viral-video-is-old/amp/,MISSING CONTEXT,भारतीय चुनाव आयोग का भारत की सभी राजनीतिक पार्टियों को ओपन चैलेंज का आयोजन किया है।  EVM मशीनो को हैक करके दिखाए। नही तो हारने के डर से EVM के नाम से रोना छोड़ दे है क्या हिम्मत।
https://www.factcrescendo.com/video-of-modi-yogi-sloganeering-in-akhilesh-yadavs-road-show-is-one-year-old/amp/,MISSING CONTEXT,अखिलेश यादव के रोड शो में मोदी और योगी के नारे लगाए गए 
https://www.factcrescendo.com/adani-groups-claim-of-supplying-thousands-of-cows-to-arab-countries-is-fake-video-is-not-from-india/,MISSING CONTEXT,"गुजरात, अडानी के पोर्ट पर *हजारों गाय* 🐄 ट्रको में खड़ी है। *अरब के देशों* में जाने के लिए, जिन्हे वहां काटा जाएगा, कहा मर गए भक्तों..?? गधों को याद दिला दूं की गौ मांस का धंधा करने वालो से ही भाजपा ने चंदा लिया है। सब पैसे का खेल है।"
https://www.factcrescendo.com/video-of-a-temple-in-andhra-pradesh-goes-viral-as-ram-temple-claim-is-fake/amp/,MISLEADING,राम मंदिर का दरवाजा खुलते हुए. कर लो श्री राम जी का दर्शन. कितना प्यारा है भाई. जय श्री राम लिख के जाना सभी भाई।
https://www.factcrescendo.com/did-the-new-york-times-recently-publish-an-article-making-fun-of-pm-modi-before-the-lok-sabha-elections/amp/,MISLEADING,"इलेक्टोरल बॉन्ड पर इंटरनेशनल मीडिया दा न्यू यॉर्क टाइम्स बता रहा है कि राजा नं गा हो चुका है, मोदी का परिवार"
